,0
0,"1Stephen Curry, PGGolden State Warriors$43,006,362"
1,"3Chris Paul, PGPhoenix Suns$41,358,814"
2,"5John Wall, PGHouston Rockets$41,254,920"
3,"7LeBron James, SFLos Angeles Lakers$39,219,565"
4,"9Paul George, SGLA Clippers$35,450,412"
5,"11Mike Conley, PGUtah Jazz$34,502,130"
6,"13Kawhi Leonard, SFLA Clippers$34,379,100"
7,"15Tobias Harris, PFPhiladelphia 76ers$34,358,850"
8,"17Anthony Davis, PFLos Angeles Lakers$32,742,000"
9,"19Damian Lillard, PGPortland Trail Blazers$31,626,953"
10,"21Pascal Siakam, PFToronto Raptors$30,559,200"
11,"23Kyle Lowry, PGToronto Raptors$30,500,000"
12,"25Joel Embiid, CPhiladelphia 76ers$29,542,010"
13,"27Nikola Jokic, CDenver Nuggets$29,542,010"
14,"29Karl-Anthony Towns, CMinnesota Timberwolves$29,467,800"
15,"31CJ McCollum, SGPortland Trail Blazers$29,354,152"
16,"33Andre Drummond, CCleveland Cavaliers$28,751,775"
17,"35Gordon Hayward, SFCharlotte Hornets$28,500,000"
18,"37DeMar DeRozan, SFSan Antonio Spurs$27,739,975"
19,"39Rudy Gobert, CUtah Jazz$27,525,281"
20,"2Russell Westbrook, PGWashington Wizards$41,358,814"
21,"4James Harden, SGBrooklyn Nets$41,254,920"
22,"6Kevin Durant, PFBrooklyn Nets$40,108,950"
23,"8Blake Griffin, PFDetroit Pistons$36,810,996"
24,"10Klay Thompson, SGGolden State Warriors$35,361,360"
25,"12Jimmy Butler, SFMiami Heat$34,379,100"
26,"14Kemba Walker, PGBoston Celtics$34,379,100"
27,"16Khris Middleton, SFMilwaukee Bucks$33,051,724"
28,"18Kyrie Irving, PGBrooklyn Nets$31,742,000"
29,"20Kevin Love, PFCleveland Cavaliers$31,258,256"
30,"22Ben Simmons, PGPhiladelphia 76ers$30,559,200"
31,"24Steven Adams, CNew Orleans Pelicans$29,592,696"
32,"26Andrew Wiggins, SFGolden State Warriors$29,542,010"
33,"28Devin Booker, SGPhoenix Suns$29,467,800"
34,"30Kristaps Porzingis, CDallas Mavericks$29,467,800"
35,"32Bradley Beal, SGWashington Wizards$28,751,775"
36,"34D'Angelo Russell, PGMinnesota Timberwolves$28,649,250"
37,"36Otto Porter Jr., SFChicago Bulls$28,489,237"
38,"38Giannis Antetokounmpo, PFMilwaukee Bucks$27,528,090"
39,"40Al Horford, COklahoma City Thunder$27,500,000"
40,"1Stephen Curry, PGGolden State Warriors$43,006,362"
41,"3Chris Paul, PGPhoenix Suns$41,358,814"
42,"5John Wall, PGHouston Rockets$41,254,920"
43,"7LeBron James, SFLos Angeles Lakers$39,219,565"
44,"9Paul George, SGLA Clippers$35,450,412"
45,"11Mike Conley, PGUtah Jazz$34,502,130"
46,"13Kawhi Leonard, SFLA Clippers$34,379,100"
47,"15Tobias Harris, PFPhiladelphia 76ers$34,358,850"
48,"17Anthony Davis, PFLos Angeles Lakers$32,742,000"
49,"19Damian Lillard, PGPortland Trail Blazers$31,626,953"
50,"21Pascal Siakam, PFToronto Raptors$30,559,200"
51,"23Kyle Lowry, PGToronto Raptors$30,500,000"
52,"25Joel Embiid, CPhiladelphia 76ers$29,542,010"
53,"27Nikola Jokic, CDenver Nuggets$29,542,010"
54,"29Karl-Anthony Towns, CMinnesota Timberwolves$29,467,800"
55,"31CJ McCollum, SGPortland Trail Blazers$29,354,152"
56,"33Andre Drummond, CCleveland Cavaliers$28,751,775"
57,"35Gordon Hayward, SFCharlotte Hornets$28,500,000"
58,"37DeMar DeRozan, SFSan Antonio Spurs$27,739,975"
59,"39Rudy Gobert, CUtah Jazz$27,525,281"
60,"2Russell Westbrook, PGWashington Wizards$41,358,814"
61,"4James Harden, SGBrooklyn Nets$41,254,920"
62,"6Kevin Durant, PFBrooklyn Nets$40,108,950"
63,"8Blake Griffin, PFDetroit Pistons$36,810,996"
64,"10Klay Thompson, SGGolden State Warriors$35,361,360"
65,"12Jimmy Butler, SFMiami Heat$34,379,100"
66,"14Kemba Walker, PGBoston Celtics$34,379,100"
67,"16Khris Middleton, SFMilwaukee Bucks$33,051,724"
68,"18Kyrie Irving, PGBrooklyn Nets$31,742,000"
69,"20Kevin Love, PFCleveland Cavaliers$31,258,256"
70,"22Ben Simmons, PGPhiladelphia 76ers$30,559,200"
71,"24Steven Adams, CNew Orleans Pelicans$29,592,696"
72,"26Andrew Wiggins, SFGolden State Warriors$29,542,010"
73,"28Devin Booker, SGPhoenix Suns$29,467,800"
74,"30Kristaps Porzingis, CDallas Mavericks$29,467,800"
75,"32Bradley Beal, SGWashington Wizards$28,751,775"
76,"34D'Angelo Russell, PGMinnesota Timberwolves$28,649,250"
77,"36Otto Porter Jr., SFChicago Bulls$28,489,237"
78,"38Giannis Antetokounmpo, PFMilwaukee Bucks$27,528,090"
79,"40Al Horford, COklahoma City Thunder$27,500,000"
80,"1Stephen Curry, PGGolden State Warriors$43,006,362"
81,"3Chris Paul, PGPhoenix Suns$41,358,814"
82,"5John Wall, PGHouston Rockets$41,254,920"
83,"7LeBron James, SFLos Angeles Lakers$39,219,565"
84,"9Paul George, SGLA Clippers$35,450,412"
85,"11Mike Conley, PGUtah Jazz$34,502,130"
86,"13Kawhi Leonard, SFLA Clippers$34,379,100"
87,"15Tobias Harris, PFPhiladelphia 76ers$34,358,850"
88,"17Anthony Davis, PFLos Angeles Lakers$32,742,000"
89,"19Damian Lillard, PGPortland Trail Blazers$31,626,953"
90,"21Pascal Siakam, PFToronto Raptors$30,559,200"
91,"23Kyle Lowry, PGToronto Raptors$30,500,000"
92,"25Joel Embiid, CPhiladelphia 76ers$29,542,010"
93,"27Nikola Jokic, CDenver Nuggets$29,542,010"
94,"29Karl-Anthony Towns, CMinnesota Timberwolves$29,467,800"
95,"31CJ McCollum, SGPortland Trail Blazers$29,354,152"
96,"33Andre Drummond, CCleveland Cavaliers$28,751,775"
97,"35Gordon Hayward, SFCharlotte Hornets$28,500,000"
98,"37DeMar DeRozan, SFSan Antonio Spurs$27,739,975"
99,"39Rudy Gobert, CUtah Jazz$27,525,281"
100,"2Russell Westbrook, PGWashington Wizards$41,358,814"
101,"4James Harden, SGBrooklyn Nets$41,254,920"
102,"6Kevin Durant, PFBrooklyn Nets$40,108,950"
103,"8Blake Griffin, PFDetroit Pistons$36,810,996"
104,"10Klay Thompson, SGGolden State Warriors$35,361,360"
105,"12Jimmy Butler, SFMiami Heat$34,379,100"
106,"14Kemba Walker, PGBoston Celtics$34,379,100"
107,"16Khris Middleton, SFMilwaukee Bucks$33,051,724"
108,"18Kyrie Irving, PGBrooklyn Nets$31,742,000"
109,"20Kevin Love, PFCleveland Cavaliers$31,258,256"
110,"22Ben Simmons, PGPhiladelphia 76ers$30,559,200"
111,"24Steven Adams, CNew Orleans Pelicans$29,592,696"
112,"26Andrew Wiggins, SFGolden State Warriors$29,542,010"
113,"28Devin Booker, SGPhoenix Suns$29,467,800"
114,"30Kristaps Porzingis, CDallas Mavericks$29,467,800"
115,"32Bradley Beal, SGWashington Wizards$28,751,775"
116,"34D'Angelo Russell, PGMinnesota Timberwolves$28,649,250"
117,"36Otto Porter Jr., SFChicago Bulls$28,489,237"
118,"38Giannis Antetokounmpo, PFMilwaukee Bucks$27,528,090"
119,"40Al Horford, COklahoma City Thunder$27,500,000"
120,"1Stephen Curry, PGGolden State Warriors$43,006,362"
121,"3Chris Paul, PGPhoenix Suns$41,358,814"
122,"5John Wall, PGHouston Rockets$41,254,920"
123,"7LeBron James, SFLos Angeles Lakers$39,219,565"
124,"9Paul George, SGLA Clippers$35,450,412"
125,"11Mike Conley, PGUtah Jazz$34,502,130"
126,"13Kawhi Leonard, SFLA Clippers$34,379,100"
127,"15Tobias Harris, PFPhiladelphia 76ers$34,358,850"
128,"17Anthony Davis, PFLos Angeles Lakers$32,742,000"
129,"19Damian Lillard, PGPortland Trail Blazers$31,626,953"
130,"21Pascal Siakam, PFToronto Raptors$30,559,200"
131,"23Kyle Lowry, PGToronto Raptors$30,500,000"
132,"25Joel Embiid, CPhiladelphia 76ers$29,542,010"
133,"27Nikola Jokic, CDenver Nuggets$29,542,010"
134,"29Karl-Anthony Towns, CMinnesota Timberwolves$29,467,800"
135,"31CJ McCollum, SGPortland Trail Blazers$29,354,152"
136,"33Andre Drummond, CCleveland Cavaliers$28,751,775"
137,"35Gordon Hayward, SFCharlotte Hornets$28,500,000"
138,"37DeMar DeRozan, SFSan Antonio Spurs$27,739,975"
139,"39Rudy Gobert, CUtah Jazz$27,525,281"
140,"2Russell Westbrook, PGWashington Wizards$41,358,814"
141,"4James Harden, SGBrooklyn Nets$41,254,920"
142,"6Kevin Durant, PFBrooklyn Nets$40,108,950"
143,"8Blake Griffin, PFDetroit Pistons$36,810,996"
144,"10Klay Thompson, SGGolden State Warriors$35,361,360"
145,"12Jimmy Butler, SFMiami Heat$34,379,100"
146,"14Kemba Walker, PGBoston Celtics$34,379,100"
147,"16Khris Middleton, SFMilwaukee Bucks$33,051,724"
148,"18Kyrie Irving, PGBrooklyn Nets$31,742,000"
149,"20Kevin Love, PFCleveland Cavaliers$31,258,256"
150,"22Ben Simmons, PGPhiladelphia 76ers$30,559,200"
151,"24Steven Adams, CNew Orleans Pelicans$29,592,696"
152,"26Andrew Wiggins, SFGolden State Warriors$29,542,010"
153,"28Devin Booker, SGPhoenix Suns$29,467,800"
154,"30Kristaps Porzingis, CDallas Mavericks$29,467,800"
155,"32Bradley Beal, SGWashington Wizards$28,751,775"
156,"34D'Angelo Russell, PGMinnesota Timberwolves$28,649,250"
157,"36Otto Porter Jr., SFChicago Bulls$28,489,237"
158,"38Giannis Antetokounmpo, PFMilwaukee Bucks$27,528,090"
159,"40Al Horford, COklahoma City Thunder$27,500,000"
160,"1Stephen Curry, PGGolden State Warriors$43,006,362"
161,"3Chris Paul, PGPhoenix Suns$41,358,814"
162,"5John Wall, PGHouston Rockets$41,254,920"
163,"7LeBron James, SFLos Angeles Lakers$39,219,565"
164,"9Paul George, SGLA Clippers$35,450,412"
165,"11Mike Conley, PGUtah Jazz$34,502,130"
166,"13Kawhi Leonard, SFLA Clippers$34,379,100"
167,"15Tobias Harris, PFPhiladelphia 76ers$34,358,850"
168,"17Anthony Davis, PFLos Angeles Lakers$32,742,000"
169,"19Damian Lillard, PGPortland Trail Blazers$31,626,953"
170,"21Pascal Siakam, PFToronto Raptors$30,559,200"
171,"23Kyle Lowry, PGToronto Raptors$30,500,000"
172,"25Joel Embiid, CPhiladelphia 76ers$29,542,010"
173,"27Nikola Jokic, CDenver Nuggets$29,542,010"
174,"29Karl-Anthony Towns, CMinnesota Timberwolves$29,467,800"
175,"31CJ McCollum, SGPortland Trail Blazers$29,354,152"
176,"33Andre Drummond, CCleveland Cavaliers$28,751,775"
177,"35Gordon Hayward, SFCharlotte Hornets$28,500,000"
178,"37DeMar DeRozan, SFSan Antonio Spurs$27,739,975"
179,"39Rudy Gobert, CUtah Jazz$27,525,281"
180,"2Russell Westbrook, PGWashington Wizards$41,358,814"
181,"4James Harden, SGBrooklyn Nets$41,254,920"
182,"6Kevin Durant, PFBrooklyn Nets$40,108,950"
183,"8Blake Griffin, PFDetroit Pistons$36,810,996"
184,"10Klay Thompson, SGGolden State Warriors$35,361,360"
185,"12Jimmy Butler, SFMiami Heat$34,379,100"
186,"14Kemba Walker, PGBoston Celtics$34,379,100"
187,"16Khris Middleton, SFMilwaukee Bucks$33,051,724"
188,"18Kyrie Irving, PGBrooklyn Nets$31,742,000"
189,"20Kevin Love, PFCleveland Cavaliers$31,258,256"
190,"22Ben Simmons, PGPhiladelphia 76ers$30,559,200"
191,"24Steven Adams, CNew Orleans Pelicans$29,592,696"
192,"26Andrew Wiggins, SFGolden State Warriors$29,542,010"
193,"28Devin Booker, SGPhoenix Suns$29,467,800"
194,"30Kristaps Porzingis, CDallas Mavericks$29,467,800"
195,"32Bradley Beal, SGWashington Wizards$28,751,775"
196,"34D'Angelo Russell, PGMinnesota Timberwolves$28,649,250"
197,"36Otto Porter Jr., SFChicago Bulls$28,489,237"
198,"38Giannis Antetokounmpo, PFMilwaukee Bucks$27,528,090"
199,"40Al Horford, COklahoma City Thunder$27,500,000"
200,"1Stephen Curry, PGGolden State Warriors$43,006,362"
201,"3Chris Paul, PGPhoenix Suns$41,358,814"
202,"5John Wall, PGHouston Rockets$41,254,920"
203,"7LeBron James, SFLos Angeles Lakers$39,219,565"
204,"9Paul George, SGLA Clippers$35,450,412"
205,"11Mike Conley, PGUtah Jazz$34,502,130"
206,"13Kawhi Leonard, SFLA Clippers$34,379,100"
207,"15Tobias Harris, PFPhiladelphia 76ers$34,358,850"
208,"17Anthony Davis, PFLos Angeles Lakers$32,742,000"
209,"19Damian Lillard, PGPortland Trail Blazers$31,626,953"
210,"21Pascal Siakam, PFToronto Raptors$30,559,200"
211,"23Kyle Lowry, PGToronto Raptors$30,500,000"
212,"25Joel Embiid, CPhiladelphia 76ers$29,542,010"
213,"27Nikola Jokic, CDenver Nuggets$29,542,010"
214,"29Karl-Anthony Towns, CMinnesota Timberwolves$29,467,800"
215,"31CJ McCollum, SGPortland Trail Blazers$29,354,152"
216,"33Andre Drummond, CCleveland Cavaliers$28,751,775"
217,"35Gordon Hayward, SFCharlotte Hornets$28,500,000"
218,"37DeMar DeRozan, SFSan Antonio Spurs$27,739,975"
219,"39Rudy Gobert, CUtah Jazz$27,525,281"
220,"2Russell Westbrook, PGWashington Wizards$41,358,814"
221,"4James Harden, SGBrooklyn Nets$41,254,920"
222,"6Kevin Durant, PFBrooklyn Nets$40,108,950"
223,"8Blake Griffin, PFDetroit Pistons$36,810,996"
224,"10Klay Thompson, SGGolden State Warriors$35,361,360"
225,"12Jimmy Butler, SFMiami Heat$34,379,100"
226,"14Kemba Walker, PGBoston Celtics$34,379,100"
227,"16Khris Middleton, SFMilwaukee Bucks$33,051,724"
228,"18Kyrie Irving, PGBrooklyn Nets$31,742,000"
229,"20Kevin Love, PFCleveland Cavaliers$31,258,256"
230,"22Ben Simmons, PGPhiladelphia 76ers$30,559,200"
231,"24Steven Adams, CNew Orleans Pelicans$29,592,696"
232,"26Andrew Wiggins, SFGolden State Warriors$29,542,010"
233,"28Devin Booker, SGPhoenix Suns$29,467,800"
234,"30Kristaps Porzingis, CDallas Mavericks$29,467,800"
235,"32Bradley Beal, SGWashington Wizards$28,751,775"
236,"34D'Angelo Russell, PGMinnesota Timberwolves$28,649,250"
237,"36Otto Porter Jr., SFChicago Bulls$28,489,237"
238,"38Giannis Antetokounmpo, PFMilwaukee Bucks$27,528,090"
239,"40Al Horford, COklahoma City Thunder$27,500,000"
240,"1Stephen Curry, PGGolden State Warriors$43,006,362"
241,"3Chris Paul, PGPhoenix Suns$41,358,814"
242,"5John Wall, PGHouston Rockets$41,254,920"
243,"7LeBron James, SFLos Angeles Lakers$39,219,565"
244,"9Paul George, SGLA Clippers$35,450,412"
245,"11Mike Conley, PGUtah Jazz$34,502,130"
246,"13Kawhi Leonard, SFLA Clippers$34,379,100"
247,"15Tobias Harris, PFPhiladelphia 76ers$34,358,850"
248,"17Anthony Davis, PFLos Angeles Lakers$32,742,000"
249,"19Damian Lillard, PGPortland Trail Blazers$31,626,953"
250,"21Pascal Siakam, PFToronto Raptors$30,559,200"
251,"23Kyle Lowry, PGToronto Raptors$30,500,000"
252,"25Joel Embiid, CPhiladelphia 76ers$29,542,010"
253,"27Nikola Jokic, CDenver Nuggets$29,542,010"
254,"29Karl-Anthony Towns, CMinnesota Timberwolves$29,467,800"
255,"31CJ McCollum, SGPortland Trail Blazers$29,354,152"
256,"33Andre Drummond, CCleveland Cavaliers$28,751,775"
257,"35Gordon Hayward, SFCharlotte Hornets$28,500,000"
258,"37DeMar DeRozan, SFSan Antonio Spurs$27,739,975"
259,"39Rudy Gobert, CUtah Jazz$27,525,281"
260,"2Russell Westbrook, PGWashington Wizards$41,358,814"
261,"4James Harden, SGBrooklyn Nets$41,254,920"
262,"6Kevin Durant, PFBrooklyn Nets$40,108,950"
263,"8Blake Griffin, PFDetroit Pistons$36,810,996"
264,"10Klay Thompson, SGGolden State Warriors$35,361,360"
265,"12Jimmy Butler, SFMiami Heat$34,379,100"
266,"14Kemba Walker, PGBoston Celtics$34,379,100"
267,"16Khris Middleton, SFMilwaukee Bucks$33,051,724"
268,"18Kyrie Irving, PGBrooklyn Nets$31,742,000"
269,"20Kevin Love, PFCleveland Cavaliers$31,258,256"
270,"22Ben Simmons, PGPhiladelphia 76ers$30,559,200"
271,"24Steven Adams, CNew Orleans Pelicans$29,592,696"
272,"26Andrew Wiggins, SFGolden State Warriors$29,542,010"
273,"28Devin Booker, SGPhoenix Suns$29,467,800"
274,"30Kristaps Porzingis, CDallas Mavericks$29,467,800"
275,"32Bradley Beal, SGWashington Wizards$28,751,775"
276,"34D'Angelo Russell, PGMinnesota Timberwolves$28,649,250"
277,"36Otto Porter Jr., SFChicago Bulls$28,489,237"
278,"38Giannis Antetokounmpo, PFMilwaukee Bucks$27,528,090"
279,"40Al Horford, COklahoma City Thunder$27,500,000"
280,"1Stephen Curry, PGGolden State Warriors$43,006,362"
281,"3Chris Paul, PGPhoenix Suns$41,358,814"
282,"5John Wall, PGHouston Rockets$41,254,920"
283,"7LeBron James, SFLos Angeles Lakers$39,219,565"
284,"9Paul George, SGLA Clippers$35,450,412"
285,"11Mike Conley, PGUtah Jazz$34,502,130"
286,"13Kawhi Leonard, SFLA Clippers$34,379,100"
287,"15Tobias Harris, PFPhiladelphia 76ers$34,358,850"
288,"17Anthony Davis, PFLos Angeles Lakers$32,742,000"
289,"19Damian Lillard, PGPortland Trail Blazers$31,626,953"
290,"21Pascal Siakam, PFToronto Raptors$30,559,200"
291,"23Kyle Lowry, PGToronto Raptors$30,500,000"
292,"25Joel Embiid, CPhiladelphia 76ers$29,542,010"
293,"27Nikola Jokic, CDenver Nuggets$29,542,010"
294,"29Karl-Anthony Towns, CMinnesota Timberwolves$29,467,800"
295,"31CJ McCollum, SGPortland Trail Blazers$29,354,152"
296,"33Andre Drummond, CCleveland Cavaliers$28,751,775"
297,"35Gordon Hayward, SFCharlotte Hornets$28,500,000"
298,"37DeMar DeRozan, SFSan Antonio Spurs$27,739,975"
299,"39Rudy Gobert, CUtah Jazz$27,525,281"
300,"2Russell Westbrook, PGWashington Wizards$41,358,814"
301,"4James Harden, SGBrooklyn Nets$41,254,920"
302,"6Kevin Durant, PFBrooklyn Nets$40,108,950"
303,"8Blake Griffin, PFDetroit Pistons$36,810,996"
304,"10Klay Thompson, SGGolden State Warriors$35,361,360"
305,"12Jimmy Butler, SFMiami Heat$34,379,100"
306,"14Kemba Walker, PGBoston Celtics$34,379,100"
307,"16Khris Middleton, SFMilwaukee Bucks$33,051,724"
308,"18Kyrie Irving, PGBrooklyn Nets$31,742,000"
309,"20Kevin Love, PFCleveland Cavaliers$31,258,256"
310,"22Ben Simmons, PGPhiladelphia 76ers$30,559,200"
311,"24Steven Adams, CNew Orleans Pelicans$29,592,696"
312,"26Andrew Wiggins, SFGolden State Warriors$29,542,010"
313,"28Devin Booker, SGPhoenix Suns$29,467,800"
314,"30Kristaps Porzingis, CDallas Mavericks$29,467,800"
315,"32Bradley Beal, SGWashington Wizards$28,751,775"
316,"34D'Angelo Russell, PGMinnesota Timberwolves$28,649,250"
317,"36Otto Porter Jr., SFChicago Bulls$28,489,237"
318,"38Giannis Antetokounmpo, PFMilwaukee Bucks$27,528,090"
319,"40Al Horford, COklahoma City Thunder$27,500,000"
320,"1Stephen Curry, PGGolden State Warriors$43,006,362"
321,"3Chris Paul, PGPhoenix Suns$41,358,814"
322,"5John Wall, PGHouston Rockets$41,254,920"
323,"7LeBron James, SFLos Angeles Lakers$39,219,565"
324,"9Paul George, SGLA Clippers$35,450,412"
325,"11Mike Conley, PGUtah Jazz$34,502,130"
326,"13Kawhi Leonard, SFLA Clippers$34,379,100"
327,"15Tobias Harris, PFPhiladelphia 76ers$34,358,850"
328,"17Anthony Davis, PFLos Angeles Lakers$32,742,000"
329,"19Damian Lillard, PGPortland Trail Blazers$31,626,953"
330,"21Pascal Siakam, PFToronto Raptors$30,559,200"
331,"23Kyle Lowry, PGToronto Raptors$30,500,000"
332,"25Joel Embiid, CPhiladelphia 76ers$29,542,010"
333,"27Nikola Jokic, CDenver Nuggets$29,542,010"
334,"29Karl-Anthony Towns, CMinnesota Timberwolves$29,467,800"
335,"31CJ McCollum, SGPortland Trail Blazers$29,354,152"
336,"33Andre Drummond, CCleveland Cavaliers$28,751,775"
337,"35Gordon Hayward, SFCharlotte Hornets$28,500,000"
338,"37DeMar DeRozan, SFSan Antonio Spurs$27,739,975"
339,"39Rudy Gobert, CUtah Jazz$27,525,281"
340,"2Russell Westbrook, PGWashington Wizards$41,358,814"
341,"4James Harden, SGBrooklyn Nets$41,254,920"
342,"6Kevin Durant, PFBrooklyn Nets$40,108,950"
343,"8Blake Griffin, PFDetroit Pistons$36,810,996"
344,"10Klay Thompson, SGGolden State Warriors$35,361,360"
345,"12Jimmy Butler, SFMiami Heat$34,379,100"
346,"14Kemba Walker, PGBoston Celtics$34,379,100"
347,"16Khris Middleton, SFMilwaukee Bucks$33,051,724"
348,"18Kyrie Irving, PGBrooklyn Nets$31,742,000"
349,"20Kevin Love, PFCleveland Cavaliers$31,258,256"
350,"22Ben Simmons, PGPhiladelphia 76ers$30,559,200"
351,"24Steven Adams, CNew Orleans Pelicans$29,592,696"
352,"26Andrew Wiggins, SFGolden State Warriors$29,542,010"
353,"28Devin Booker, SGPhoenix Suns$29,467,800"
354,"30Kristaps Porzingis, CDallas Mavericks$29,467,800"
355,"32Bradley Beal, SGWashington Wizards$28,751,775"
356,"34D'Angelo Russell, PGMinnesota Timberwolves$28,649,250"
357,"36Otto Porter Jr., SFChicago Bulls$28,489,237"
358,"38Giannis Antetokounmpo, PFMilwaukee Bucks$27,528,090"
359,"40Al Horford, COklahoma City Thunder$27,500,000"
360,"1Stephen Curry, PGGolden State Warriors$43,006,362"
361,"3Chris Paul, PGPhoenix Suns$41,358,814"
362,"5John Wall, PGHouston Rockets$41,254,920"
363,"7LeBron James, SFLos Angeles Lakers$39,219,565"
364,"9Paul George, SGLA Clippers$35,450,412"
365,"11Mike Conley, PGUtah Jazz$34,502,130"
366,"13Kawhi Leonard, SFLA Clippers$34,379,100"
367,"15Tobias Harris, PFPhiladelphia 76ers$34,358,850"
368,"17Anthony Davis, PFLos Angeles Lakers$32,742,000"
369,"19Damian Lillard, PGPortland Trail Blazers$31,626,953"
370,"21Pascal Siakam, PFToronto Raptors$30,559,200"
371,"23Kyle Lowry, PGToronto Raptors$30,500,000"
372,"25Joel Embiid, CPhiladelphia 76ers$29,542,010"
373,"27Nikola Jokic, CDenver Nuggets$29,542,010"
374,"29Karl-Anthony Towns, CMinnesota Timberwolves$29,467,800"
375,"31CJ McCollum, SGPortland Trail Blazers$29,354,152"
376,"33Andre Drummond, CCleveland Cavaliers$28,751,775"
377,"35Gordon Hayward, SFCharlotte Hornets$28,500,000"
378,"37DeMar DeRozan, SFSan Antonio Spurs$27,739,975"
379,"39Rudy Gobert, CUtah Jazz$27,525,281"
380,"2Russell Westbrook, PGWashington Wizards$41,358,814"
381,"4James Harden, SGBrooklyn Nets$41,254,920"
382,"6Kevin Durant, PFBrooklyn Nets$40,108,950"
383,"8Blake Griffin, PFDetroit Pistons$36,810,996"
384,"10Klay Thompson, SGGolden State Warriors$35,361,360"
385,"12Jimmy Butler, SFMiami Heat$34,379,100"
386,"14Kemba Walker, PGBoston Celtics$34,379,100"
387,"16Khris Middleton, SFMilwaukee Bucks$33,051,724"
388,"18Kyrie Irving, PGBrooklyn Nets$31,742,000"
389,"20Kevin Love, PFCleveland Cavaliers$31,258,256"
390,"22Ben Simmons, PGPhiladelphia 76ers$30,559,200"
391,"24Steven Adams, CNew Orleans Pelicans$29,592,696"
392,"26Andrew Wiggins, SFGolden State Warriors$29,542,010"
393,"28Devin Booker, SGPhoenix Suns$29,467,800"
394,"30Kristaps Porzingis, CDallas Mavericks$29,467,800"
395,"32Bradley Beal, SGWashington Wizards$28,751,775"
396,"34D'Angelo Russell, PGMinnesota Timberwolves$28,649,250"
397,"36Otto Porter Jr., SFChicago Bulls$28,489,237"
398,"38Giannis Antetokounmpo, PFMilwaukee Bucks$27,528,090"
399,"40Al Horford, COklahoma City Thunder$27,500,000"
400,"1Stephen Curry, PGGolden State Warriors$43,006,362"
401,"3Chris Paul, PGPhoenix Suns$41,358,814"
402,"5John Wall, PGHouston Rockets$41,254,920"
403,"7LeBron James, SFLos Angeles Lakers$39,219,565"
404,"9Paul George, SGLA Clippers$35,450,412"
405,"11Mike Conley, PGUtah Jazz$34,502,130"
406,"13Kawhi Leonard, SFLA Clippers$34,379,100"
407,"15Tobias Harris, PFPhiladelphia 76ers$34,358,850"
408,"17Anthony Davis, PFLos Angeles Lakers$32,742,000"
409,"19Damian Lillard, PGPortland Trail Blazers$31,626,953"
410,"21Pascal Siakam, PFToronto Raptors$30,559,200"
411,"23Kyle Lowry, PGToronto Raptors$30,500,000"
412,"25Joel Embiid, CPhiladelphia 76ers$29,542,010"
413,"27Nikola Jokic, CDenver Nuggets$29,542,010"
414,"29Karl-Anthony Towns, CMinnesota Timberwolves$29,467,800"
415,"31CJ McCollum, SGPortland Trail Blazers$29,354,152"
416,"33Andre Drummond, CCleveland Cavaliers$28,751,775"
417,"35Gordon Hayward, SFCharlotte Hornets$28,500,000"
418,"37DeMar DeRozan, SFSan Antonio Spurs$27,739,975"
419,"39Rudy Gobert, CUtah Jazz$27,525,281"
420,"2Russell Westbrook, PGWashington Wizards$41,358,814"
421,"4James Harden, SGBrooklyn Nets$41,254,920"
422,"6Kevin Durant, PFBrooklyn Nets$40,108,950"
423,"8Blake Griffin, PFDetroit Pistons$36,810,996"
424,"10Klay Thompson, SGGolden State Warriors$35,361,360"
425,"12Jimmy Butler, SFMiami Heat$34,379,100"
426,"14Kemba Walker, PGBoston Celtics$34,379,100"
427,"16Khris Middleton, SFMilwaukee Bucks$33,051,724"
428,"18Kyrie Irving, PGBrooklyn Nets$31,742,000"
429,"20Kevin Love, PFCleveland Cavaliers$31,258,256"
430,"22Ben Simmons, PGPhiladelphia 76ers$30,559,200"
431,"24Steven Adams, CNew Orleans Pelicans$29,592,696"
432,"26Andrew Wiggins, SFGolden State Warriors$29,542,010"
433,"28Devin Booker, SGPhoenix Suns$29,467,800"
434,"30Kristaps Porzingis, CDallas Mavericks$29,467,800"
435,"32Bradley Beal, SGWashington Wizards$28,751,775"
436,"34D'Angelo Russell, PGMinnesota Timberwolves$28,649,250"
437,"36Otto Porter Jr., SFChicago Bulls$28,489,237"
438,"38Giannis Antetokounmpo, PFMilwaukee Bucks$27,528,090"
439,"40Al Horford, COklahoma City Thunder$27,500,000"
440,"1Stephen Curry, PGGolden State Warriors$43,006,362"
441,"3Chris Paul, PGPhoenix Suns$41,358,814"
442,"5John Wall, PGHouston Rockets$41,254,920"
443,"7LeBron James, SFLos Angeles Lakers$39,219,565"
444,"9Paul George, SGLA Clippers$35,450,412"
445,"11Mike Conley, PGUtah Jazz$34,502,130"
446,"13Kawhi Leonard, SFLA Clippers$34,379,100"
447,"15Tobias Harris, PFPhiladelphia 76ers$34,358,850"
448,"17Anthony Davis, PFLos Angeles Lakers$32,742,000"
449,"19Damian Lillard, PGPortland Trail Blazers$31,626,953"
450,"21Pascal Siakam, PFToronto Raptors$30,559,200"
451,"23Kyle Lowry, PGToronto Raptors$30,500,000"
452,"25Joel Embiid, CPhiladelphia 76ers$29,542,010"
453,"27Nikola Jokic, CDenver Nuggets$29,542,010"
454,"29Karl-Anthony Towns, CMinnesota Timberwolves$29,467,800"
455,"31CJ McCollum, SGPortland Trail Blazers$29,354,152"
456,"33Andre Drummond, CCleveland Cavaliers$28,751,775"
457,"35Gordon Hayward, SFCharlotte Hornets$28,500,000"
458,"37DeMar DeRozan, SFSan Antonio Spurs$27,739,975"
459,"39Rudy Gobert, CUtah Jazz$27,525,281"
460,"2Russell Westbrook, PGWashington Wizards$41,358,814"
461,"4James Harden, SGBrooklyn Nets$41,254,920"
462,"6Kevin Durant, PFBrooklyn Nets$40,108,950"
463,"8Blake Griffin, PFDetroit Pistons$36,810,996"
464,"10Klay Thompson, SGGolden State Warriors$35,361,360"
465,"12Jimmy Butler, SFMiami Heat$34,379,100"
466,"14Kemba Walker, PGBoston Celtics$34,379,100"
467,"16Khris Middleton, SFMilwaukee Bucks$33,051,724"
468,"18Kyrie Irving, PGBrooklyn Nets$31,742,000"
469,"20Kevin Love, PFCleveland Cavaliers$31,258,256"
470,"22Ben Simmons, PGPhiladelphia 76ers$30,559,200"
471,"24Steven Adams, CNew Orleans Pelicans$29,592,696"
472,"26Andrew Wiggins, SFGolden State Warriors$29,542,010"
473,"28Devin Booker, SGPhoenix Suns$29,467,800"
474,"30Kristaps Porzingis, CDallas Mavericks$29,467,800"
475,"32Bradley Beal, SGWashington Wizards$28,751,775"
476,"34D'Angelo Russell, PGMinnesota Timberwolves$28,649,250"
477,"36Otto Porter Jr., SFChicago Bulls$28,489,237"
478,"38Giannis Antetokounmpo, PFMilwaukee Bucks$27,528,090"
479,"40Al Horford, COklahoma City Thunder$27,500,000"
